timestamp_ms,NO2,C2H5CH,VOC,CO
0.0,643.0,940.0,682.0,789.0
100.0,643.0,940.0,684.0,803.0
200.0,641.0,940.0,685.0,813.0
300.0,640.0,940.0,686.0,822.0
400.0,639.0,940.0,687.0,830.0
500.0,637.0,940.0,688.0,837.0
600.0,634.0,940.0,688.0,844.0
700.0,632.0,939.0,689.0,849.0
800.0,630.0,940.0,691.0,851.0
900.0,629.0,940.0,691.0,853.0
1000.0,627.0,940.0,691.0,854.0
1100.0,627.0,942.0,692.0,857.0
1200.0,628.0,943.0,692.0,859.0
1300.0,629.0,942.0,693.0,861.0
1400.0,630.0,944.0,695.0,862.0
1500.0,631.0,945.0,696.0,866.0
1600.0,632.0,947.0,696.0,869.0
1700.0,634.0,947.0,697.0,873.0
1800.0,635.0,947.0,698.0,874.0
1900.0,635.0,948.0,700.0,875.0
2000.0,636.0,949.0,700.0,873.0
2100.0,636.0,949.0,700.0,872.0
2200.0,634.0,948.0,700.0,868.0
2300.0,634.0,947.0,700.0,863.0
2400.0,632.0,948.0,698.0,859.0
2500.0,633.0,948.0,699.0,853.0
2600.0,631.0,947.0,698.0,847.0
2700.0,630.0,947.0,696.0,840.0
2800.0,628.0,946.0,696.0,835.0
2900.0,627.0,945.0,695.0,827.0
3000.0,625.0,946.0,693.0,822.0
3100.0,623.0,945.0,693.0,815.0
3200.0,622.0,945.0,690.0,809.0
3300.0,620.0,944.0,690.0,803.0
3400.0,618.0,943.0,689.0,795.0
3500.0,617.0,942.0,688.0,788.0
3600.0,615.0,941.0,686.0,781.0
3700.0,613.0,942.0,684.0,774.0
3800.0,611.0,940.0,684.0,767.0
3900.0,609.0,940.0,682.0,761.0
4000.0,608.0,939.0,680.0,755.0
4100.0,606.0,939.0,679.0,748.0
4200.0,604.0,937.0,677.0,741.0
4300.0,602.0,937.0,676.0,735.0
4400.0,601.0,936.0,674.0,729.0
4500.0,599.0,936.0,672.0,722.0
4600.0,597.0,935.0,671.0,716.0
4700.0,596.0,934.0,669.0,709.0
4800.0,593.0,934.0,669.0,703.0
4900.0,592.0,933.0,666.0,697.0
5000.0,590.0,933.0,666.0,690.0
5100.0,589.0,932.0,665.0,684.0
5200.0,588.0,931.0,664.0,676.0
5300.0,586.0,929.0,663.0,669.0
5400.0,584.0,930.0,662.0,663.0
5500.0,583.0,928.0,660.0,655.0
5600.0,581.0,927.0,658.0,649.0
5700.0,579.0,927.0,658.0,641.0
5800.0,576.0,925.0,657.0,635.0
5900.0,576.0,924.0,655.0,630.0
6000.0,573.0,924.0,654.0,624.0
6100.0,572.0,924.0,652.0,617.0
6200.0,570.0,923.0,651.0,612.0
6300.0,569.0,922.0,649.0,607.0
6400.0,568.0,922.0,648.0,601.0
6500.0,566.0,921.0,647.0,598.0
6600.0,565.0,920.0,645.0,590.0
6700.0,563.0,920.0,644.0,587.0
6800.0,561.0,919.0,642.0,581.0
6900.0,560.0,918.0,640.0,578.0
7000.0,559.0,918.0,639.0,572.0
7100.0,557.0,917.0,638.0,568.0
7200.0,556.0,917.0,636.0,564.0
7300.0,555.0,916.0,635.0,558.0
7400.0,552.0,915.0,634.0,555.0
7500.0,551.0,915.0,632.0,550.0
7600.0,550.0,913.0,632.0,546.0
7700.0,548.0,913.0,630.0,542.0
7800.0,548.0,913.0,628.0,537.0
7900.0,546.0,912.0,627.0,533.0
8000.0,545.0,911.0,625.0,528.0
8100.0,543.0,910.0,624.0,525.0
8200.0,541.0,910.0,623.0,520.0
8300.0,540.0,909.0,622.0,516.0
8400.0,539.0,909.0,620.0,512.0
8500.0,537.0,909.0,620.0,508.0
8600.0,536.0,909.0,618.0,506.0
8700.0,535.0,908.0,616.0,505.0
8800.0,534.0,909.0,615.0,507.0
8900.0,534.0,908.0,615.0,510.0
9000.0,536.0,910.0,614.0,517.0
9100.0,540.0,912.0,615.0,524.0
9200.0,544.0,913.0,616.0,534.0
9300.0,549.0,915.0,617.0,546.0
9400.0,554.0,918.0,616.0,556.0
9500.0,561.0,920.0,618.0,569.0
9600.0,565.0,922.0,620.0,583.0
9700.0,571.0,924.0,621.0,600.0
9800.0,577.0,926.0,623.0,616.0
9900.0,582.0,927.0,625.0,633.0
10000.0,587.0,929.0,626.0,647.0
10100.0,592.0,931.0,628.0,662.0
10200.0,597.0,932.0,631.0,678.0
10300.0,603.0,935.0,634.0,697.0
10400.0,608.0,936.0,637.0,716.0
10500.0,613.0,937.0,640.0,738.0
10600.0,617.0,938.0,642.0,755.0
10700.0,621.0,940.0,646.0,774.0
10800.0,624.0,941.0,651.0,789.0
10900.0,627.0,941.0,655.0,802.0
11000.0,628.0,942.0,657.0,813.0
11100.0,630.0,942.0,661.0,823.0
11200.0,631.0,942.0,663.0,828.0
11300.0,632.0,943.0,666.0,832.0
11400.0,632.0,942.0,669.0,836.0
11500.0,633.0,942.0,672.0,838.0
11600.0,633.0,942.0,674.0,840.0
11700.0,634.0,942.0,676.0,843.0
11800.0,634.0,942.0,678.0,845.0
11900.0,635.0,943.0,680.0,848.0
12000.0,636.0,943.0,682.0,849.0
12100.0,638.0,943.0,685.0,853.0
12200.0,638.0,944.0,687.0,856.0
12300.0,640.0,944.0,689.0,858.0
12400.0,641.0,946.0,691.0,859.0
12500.0,642.0,946.0,692.0,858.0
12600.0,644.0,947.0,694.0,858.0
12700.0,644.0,946.0,695.0,855.0
12800.0,645.0,946.0,695.0,852.0
12900.0,644.0,947.0,696.0,848.0
13000.0,643.0,946.0,695.0,842.0
13100.0,642.0,946.0,695.0,836.0
13200.0,640.0,945.0,694.0,832.0
13300.0,638.0,946.0,693.0,825.0
13400.0,636.0,946.0,693.0,818.0
13500.0,633.0,945.0,691.0,810.0
13600.0,631.0,946.0,690.0,804.0
13700.0,628.0,945.0,689.0,799.0
13800.0,626.0,946.0,687.0,792.0
13900.0,625.0,947.0,686.0,789.0
14000.0,624.0,947.0,685.0,787.0
14100.0,625.0,947.0,684.0,787.0
14200.0,623.0,947.0,682.0,788.0
14300.0,624.0,948.0,683.0,792.0
14400.0,624.0,947.0,683.0,795.0
14500.0,624.0,947.0,683.0,799.0
14600.0,624.0,946.0,682.0,801.0
14700.0,623.0,945.0,684.0,801.0
14800.0,622.0,946.0,683.0,801.0
14900.0,622.0,945.0,682.0,799.0
15000.0,621.0,946.0,683.0,798.0
15100.0,620.0,945.0,683.0,795.0
15200.0,619.0,944.0,682.0,794.0
15300.0,619.0,944.0,682.0,795.0
15400.0,620.0,945.0,682.0,796.0
15500.0,621.0,944.0,683.0,799.0
15600.0,622.0,945.0,684.0,804.0
15700.0,623.0,945.0,685.0,811.0
15800.0,625.0,946.0,686.0,819.0
15900.0,627.0,946.0,688.0,825.0
16000.0,629.0,947.0,689.0,832.0
16100.0,632.0,947.0,690.0,836.0
16200.0,633.0,947.0,691.0,836.0
16300.0,634.0,947.0,692.0,832.0
16400.0,634.0,947.0,691.0,830.0
16500.0,636.0,946.0,691.0,824.0
16600.0,635.0,946.0,691.0,818.0
16700.0,633.0,947.0,690.0,812.0
16800.0,634.0,946.0,689.0,805.0
16900.0,632.0,946.0,688.0,797.0
17000.0,630.0,946.0,687.0,789.0
17100.0,629.0,945.0,685.0,782.0
17200.0,627.0,944.0,684.0,773.0
17300.0,625.0,944.0,683.0,767.0
17400.0,622.0,942.0,682.0,759.0
17500.0,620.0,942.0,680.0,751.0
17600.0,618.0,942.0,678.0,743.0
17700.0,615.0,941.0,676.0,734.0
17800.0,613.0,940.0,675.0,727.0
17900.0,611.0,939.0,674.0,719.0
18000.0,608.0,939.0,671.0,710.0
18100.0,605.0,938.0,670.0,704.0
18200.0,603.0,936.0,667.0,695.0
18300.0,601.0,936.0,666.0,689.0
18400.0,597.0,935.0,664.0,681.0
18500.0,595.0,934.0,663.0,672.0
18600.0,592.0,933.0,661.0,666.0
18700.0,590.0,932.0,659.0,659.0
18800.0,587.0,931.0,657.0,651.0
18900.0,584.0,930.0,656.0,645.0
19000.0,582.0,929.0,654.0,637.0
19100.0,579.0,929.0,652.0,631.0
19200.0,577.0,929.0,651.0,625.0
19300.0,575.0,927.0,648.0,617.0
19400.0,571.0,926.0,647.0,612.0
19500.0,568.0,925.0,644.0,607.0
19600.0,567.0,925.0,644.0,602.0
19700.0,565.0,924.0,643.0,595.0
19800.0,562.0,923.0,641.0,591.0
19900.0,561.0,922.0,639.0,587.0
20000.0,559.0,921.0,638.0,583.0
20100.0,557.0,922.0,637.0,579.0
20200.0,555.0,921.0,636.0,576.0
20300.0,555.0,920.0,635.0,572.0
20400.0,553.0,920.0,633.0,570.0
20500.0,552.0,920.0,633.0,568.0
20600.0,552.0,919.0,632.0,567.0
20700.0,551.0,918.0,631.0,565.0
20800.0,551.0,918.0,630.0,563.0
20900.0,551.0,918.0,630.0,562.0
21000.0,549.0,917.0,629.0,561.0
21100.0,549.0,917.0,628.0,558.0
21200.0,548.0,916.0,627.0,557.0
21300.0,549.0,915.0,626.0,554.0
21400.0,547.0,915.0,626.0,553.0
21500.0,546.0,915.0,625.0,550.0
21600.0,545.0,915.0,624.0,546.0
21700.0,545.0,914.0,622.0,543.0
21800.0,544.0,913.0,621.0,539.0
21900.0,543.0,913.0,620.0,535.0
22000.0,542.0,912.0,619.0,531.0
22100.0,542.0,912.0,617.0,527.0
22200.0,541.0,910.0,616.0,524.0
22300.0,540.0,911.0,616.0,519.0
22400.0,539.0,910.0,614.0,515.0
22500.0,539.0,909.0,614.0,512.0
22600.0,538.0,908.0,613.0,508.0
22700.0,536.0,909.0,611.0,505.0
22800.0,535.0,907.0,610.0,502.0
22900.0,534.0,907.0,610.0,498.0
23000.0,534.0,907.0,608.0,494.0
23100.0,533.0,906.0,608.0,492.0
23200.0,533.0,906.0,607.0,491.0
23300.0,533.0,905.0,606.0,488.0
23400.0,533.0,904.0,605.0,486.0
23500.0,533.0,905.0,604.0,485.0
23600.0,534.0,903.0,604.0,484.0
23700.0,534.0,904.0,604.0,484.0
23800.0,535.0,903.0,604.0,485.0
23900.0,537.0,904.0,604.0,488.0
24000.0,540.0,905.0,606.0,496.0
24100.0,543.0,905.0,607.0,506.0
24200.0,547.0,907.0,608.0,519.0
24300.0,554.0,907.0,610.0,535.0
24400.0,558.0,910.0,612.0,550.0
24500.0,563.0,912.0,615.0,567.0
24600.0,567.0,913.0,618.0,583.0
24700.0,571.0,915.0,619.0,598.0
24800.0,575.0,916.0,622.0,610.0
24900.0,581.0,918.0,622.0,622.0
25000.0,583.0,919.0,625.0,631.0
25100.0,587.0,920.0,626.0,640.0
25200.0,589.0,921.0,626.0,648.0
25300.0,592.0,921.0,628.0,657.0
25400.0,595.0,923.0,629.0,662.0
25500.0,597.0,923.0,630.0,670.0
25600.0,598.0,923.0,632.0,679.0
25700.0,601.0,924.0,634.0,689.0
25800.0,603.0,924.0,637.0,700.0
25900.0,605.0,925.0,638.0,706.0
26000.0,607.0,925.0,639.0,711.0
26100.0,609.0,925.0,640.0,713.0
26200.0,611.0,926.0,641.0,713.0
26300.0,613.0,926.0,641.0,712.0
26400.0,614.0,927.0,641.0,708.0
26500.0,613.0,927.0,641.0,705.0
26600.0,614.0,926.0,642.0,700.0
26700.0,613.0,927.0,640.0,695.0
26800.0,613.0,926.0,640.0,688.0
26900.0,612.0,927.0,639.0,683.0
27000.0,611.0,926.0,639.0,676.0
27100.0,610.0,925.0,638.0,671.0
27200.0,609.0,925.0,637.0,665.0
27300.0,608.0,924.0,636.0,658.0
27400.0,606.0,924.0,636.0,652.0
27500.0,604.0,924.0,634.0,646.0
27600.0,602.0,924.0,633.0,638.0
27700.0,599.0,921.0,632.0,632.0
27800.0,597.0,922.0,631.0,624.0
27900.0,595.0,920.0,629.0,618.0
28000.0,592.0,920.0,629.0,610.0
28100.0,590.0,919.0,626.0,604.0
28200.0,587.0,918.0,626.0,595.0
28300.0,586.0,917.0,623.0,588.0
28400.0,582.0,918.0,623.0,581.0
28500.0,580.0,916.0,620.0,574.0
28600.0,579.0,916.0,620.0,566.0
28700.0,576.0,915.0,619.0,560.0
28800.0,574.0,914.0,617.0,553.0
28900.0,571.0,913.0,615.0,546.0
29000.0,568.0,912.0,614.0,540.0
29100.0,566.0,911.0,613.0,533.0
29200.0,563.0,910.0,611.0,527.0
29300.0,561.0,909.0,610.0,520.0
29400.0,559.0,910.0,609.0,514.0
29500.0,557.0,909.0,607.0,509.0
29600.0,554.0,908.0,605.0,504.0
29700.0,555.0,908.0,605.0,498.0
29800.0,555.0,909.0,603.0,494.0
29900.0,555.0,909.0,604.0,489.0
30000.0,555.0,909.0,602.0,485.0
30100.0,556.0,908.0,602.0,480.0
30200.0,556.0,908.0,602.0,478.0
30300.0,556.0,908.0,602.0,477.0
30400.0,556.0,908.0,602.0,476.0
30500.0,556.0,907.0,601.0,478.0
30600.0,556.0,908.0,601.0,479.0
30700.0,556.0,907.0,601.0,482.0
30800.0,556.0,908.0,600.0,485.0
30900.0,555.0,908.0,600.0,489.0
31000.0,555.0,907.0,600.0,491.0
31100.0,555.0,908.0,599.0,494.0
31200.0,554.0,907.0,599.0,496.0
31300.0,553.0,907.0,598.0,500.0
31400.0,553.0,907.0,598.0,501.0
31500.0,552.0,907.0,599.0,502.0
31600.0,551.0,905.0,598.0,501.0
31700.0,550.0,906.0,598.0,499.0
31800.0,549.0,905.0,598.0,497.0
31900.0,548.0,904.0,597.0,493.0
32000.0,547.0,904.0,597.0,488.0
32100.0,545.0,903.0,595.0,484.0
32200.0,543.0,903.0,595.0,481.0
32300.0,541.0,902.0,594.0,476.0
32400.0,539.0,902.0,593.0,472.0
32500.0,538.0,900.0,592.0,468.0
32600.0,536.0,900.0,591.0,464.0
32700.0,534.0,900.0,589.0,459.0
32800.0,532.0,900.0,588.0,457.0
32900.0,530.0,898.0,587.0,454.0
33000.0,529.0,899.0,586.0,451.0
33100.0,527.0,898.0,584.0,450.0
33200.0,526.0,897.0,583.0,448.0
33300.0,524.0,898.0,582.0,446.0
33400.0,522.0,898.0,580.0,445.0
33500.0,520.0,898.0,580.0,445.0
33600.0,520.0,899.0,578.0,449.0
33700.0,519.0,899.0,577.0,453.0
33800.0,519.0,900.0,576.0,460.0
33900.0,519.0,902.0,578.0,468.0
34000.0,520.0,903.0,577.0,482.0
34100.0,522.0,904.0,578.0,496.0
34200.0,525.0,906.0,579.0,517.0
34300.0,530.0,909.0,580.0,540.0
34400.0,534.0,912.0,583.0,566.0
34500.0,540.0,914.0,586.0,596.0
34600.0,547.0,917.0,589.0,626.0
34700.0,553.0,918.0,593.0,656.0
34800.0,560.0,922.0,596.0,686.0
34900.0,567.0,924.0,601.0,713.0
35000.0,574.0,926.0,605.0,736.0
35100.0,581.0,928.0,609.0,757.0
35200.0,588.0,930.0,614.0,773.0
35300.0,594.0,931.0,619.0,787.0
35400.0,602.0,933.0,624.0,798.0
35500.0,607.0,934.0,628.0,806.0
35600.0,612.0,934.0,632.0,808.0
35700.0,618.0,935.0,634.0,812.0
35800.0,622.0,935.0,639.0,810.0
35900.0,623.0,935.0,642.0,808.0
36000.0,627.0,936.0,643.0,803.0
36100.0,628.0,936.0,645.0,800.0
36200.0,629.0,936.0,648.0,792.0
36300.0,631.0,936.0,649.0,786.0
36400.0,630.0,935.0,649.0,779.0
36500.0,630.0,935.0,650.0,772.0
36600.0,631.0,935.0,651.0,764.0
36700.0,631.0,934.0,652.0,758.0
36800.0,632.0,934.0,653.0,754.0
36900.0,632.0,934.0,654.0,749.0
37000.0,631.0,934.0,654.0,743.0
37100.0,631.0,933.0,653.0,736.0
37200.0,630.0,932.0,653.0,729.0
37300.0,628.0,932.0,653.0,724.0
37400.0,627.0,932.0,651.0,716.0
37500.0,624.0,932.0,650.0,708.0
37600.0,621.0,930.0,649.0,700.0
37700.0,619.0,930.0,648.0,694.0
37800.0,617.0,929.0,647.0,683.0
37900.0,613.0,929.0,645.0,675.0
38000.0,611.0,927.0,643.0,666.0
38100.0,609.0,927.0,641.0,659.0
38200.0,605.0,926.0,640.0,656.0
38300.0,603.0,925.0,639.0,653.0
38400.0,600.0,925.0,639.0,655.0
38500.0,599.0,924.0,638.0,657.0
38600.0,597.0,925.0,637.0,661.0
38700.0,595.0,926.0,637.0,665.0
38800.0,593.0,926.0,638.0,669.0
38900.0,594.0,927.0,637.0,674.0
39000.0,593.0,927.0,637.0,681.0
39100.0,594.0,928.0,637.0,692.0
39200.0,595.0,929.0,637.0,706.0
39300.0,596.0,930.0,639.0,723.0
39400.0,598.0,932.0,640.0,741.0
39500.0,599.0,933.0,642.0,758.0
39600.0,601.0,934.0,644.0,773.0
39700.0,604.0,935.0,645.0,786.0
39800.0,607.0,935.0,648.0,796.0
39900.0,609.0,937.0,650.0,802.0
40000.0,611.0,936.0,652.0,809.0
40100.0,612.0,938.0,655.0,813.0
40200.0,613.0,937.0,657.0,818.0
40300.0,615.0,938.0,659.0,820.0
40400.0,614.0,937.0,660.0,822.0
40500.0,615.0,937.0,661.0,821.0
40600.0,615.0,938.0,662.0,820.0
40700.0,614.0,938.0,663.0,819.0
40800.0,614.0,937.0,665.0,815.0
40900.0,614.0,937.0,664.0,810.0
41000.0,611.0,936.0,664.0,804.0
41100.0,609.0,935.0,664.0,796.0
41200.0,607.0,935.0,664.0,789.0
41300.0,604.0,934.0,664.0,781.0
41400.0,602.0,934.0,663.0,772.0
41500.0,599.0,931.0,663.0,764.0
41600.0,597.0,931.0,662.0,755.0
41700.0,593.0,931.0,661.0,747.0
41800.0,591.0,930.0,660.0,738.0
41900.0,589.0,929.0,659.0,731.0
42000.0,588.0,928.0,659.0,722.0
42100.0,588.0,929.0,658.0,717.0
42200.0,589.0,929.0,658.0,712.0
42300.0,591.0,930.0,658.0,711.0
42400.0,595.0,931.0,658.0,710.0
42500.0,599.0,931.0,659.0,712.0
42600.0,603.0,934.0,662.0,717.0
42700.0,609.0,934.0,664.0,724.0
42800.0,614.0,936.0,666.0,732.0
42900.0,619.0,936.0,670.0,739.0
43000.0,622.0,936.0,670.0,750.0
43100.0,627.0,936.0,673.0,758.0
43200.0,629.0,937.0,676.0,762.0
43300.0,631.0,937.0,678.0,765.0
43400.0,633.0,936.0,679.0,765.0
43500.0,633.0,935.0,680.0,763.0
43600.0,633.0,936.0,681.0,762.0
43700.0,633.0,935.0,682.0,757.0
43800.0,632.0,934.0,682.0,754.0
43900.0,631.0,934.0,682.0,749.0
44000.0,630.0,934.0,682.0,743.0
44100.0,628.0,932.0,683.0,738.0
44200.0,627.0,931.0,682.0,730.0
44300.0,625.0,932.0,680.0,722.0
44400.0,624.0,931.0,680.0,714.0
44500.0,622.0,930.0,678.0,707.0
44600.0,619.0,929.0,677.0,697.0
44700.0,618.0,928.0,676.0,688.0
44800.0,614.0,927.0,674.0,681.0
44900.0,612.0,927.0,672.0,674.0
45000.0,610.0,927.0,670.0,666.0
45100.0,606.0,926.0,668.0,658.0
45200.0,605.0,926.0,667.0,653.0
45300.0,603.0,925.0,666.0,647.0
45400.0,600.0,926.0,664.0,642.0
45500.0,598.0,926.0,662.0,637.0
45600.0,598.0,925.0,661.0,633.0
45700.0,596.0,925.0,661.0,628.0
45800.0,594.0,925.0,659.0,624.0
45900.0,592.0,925.0,657.0,623.0
46000.0,590.0,925.0,656.0,622.0
46100.0,589.0,926.0,655.0,623.0
46200.0,587.0,925.0,654.0,623.0
46300.0,586.0,925.0,652.0,627.0
46400.0,584.0,925.0,651.0,630.0
46500.0,583.0,925.0,651.0,634.0
46600.0,580.0,924.0,650.0,635.0
46700.0,579.0,923.0,649.0,635.0
46800.0,575.0,922.0,648.0,633.0
46900.0,574.0,922.0,646.0,631.0
47000.0,572.0,921.0,647.0,627.0
47100.0,570.0,922.0,645.0,624.0
47200.0,567.0,921.0,644.0,619.0
47300.0,565.0,919.0,643.0,615.0
47400.0,563.0,918.0,641.0,610.0
47500.0,561.0,918.0,640.0,604.0
47600.0,560.0,916.0,639.0,598.0
47700.0,557.0,916.0,638.0,592.0
47800.0,556.0,916.0,636.0,585.0
47900.0,555.0,915.0,635.0,580.0
48000.0,555.0,915.0,634.0,575.0
48100.0,556.0,915.0,633.0,570.0
48200.0,556.0,915.0,633.0,568.0
48300.0,559.0,916.0,632.0,566.0
48400.0,563.0,917.0,632.0,570.0
48500.0,569.0,918.0,633.0,576.0
48600.0,576.0,921.0,634.0,587.0
48700.0,582.0,921.0,636.0,604.0
48800.0,590.0,924.0,639.0,623.0
48900.0,596.0,925.0,641.0,644.0
49000.0,602.0,928.0,644.0,663.0
49100.0,606.0,928.0,646.0,682.0
49200.0,608.0,930.0,649.0,698.0
49300.0,610.0,930.0,650.0,708.0
49400.0,612.0,931.0,651.0,717.0
49500.0,613.0,932.0,652.0,724.0
49600.0,613.0,933.0,653.0,730.0
49700.0,613.0,933.0,654.0,738.0
49800.0,613.0,933.0,655.0,746.0
49900.0,615.0,934.0,656.0,753.0
50000.0,615.0,935.0,657.0,760.0
50100.0,616.0,935.0,659.0,768.0
50200.0,617.0,936.0,659.0,773.0
50300.0,618.0,937.0,662.0,778.0
50400.0,619.0,938.0,664.0,781.0
50500.0,620.0,938.0,664.0,782.0
50600.0,621.0,939.0,665.0,782.0
50700.0,622.0,939.0,666.0,780.0
50800.0,624.0,939.0,666.0,778.0
50900.0,624.0,939.0,667.0,774.0
51000.0,625.0,939.0,668.0,770.0
51100.0,625.0,939.0,667.0,764.0
51200.0,626.0,938.0,668.0,758.0
51300.0,626.0,938.0,666.0,751.0
51400.0,625.0,938.0,667.0,742.0
51500.0,624.0,937.0,665.0,735.0
51600.0,622.0,936.0,664.0,727.0
51700.0,621.0,935.0,663.0,718.0
51800.0,619.0,934.0,662.0,708.0
51900.0,616.0,933.0,661.0,700.0
52000.0,614.0,933.0,660.0,690.0
52100.0,611.0,932.0,657.0,680.0
52200.0,608.0,930.0,657.0,671.0
52300.0,606.0,930.0,655.0,662.0
52400.0,603.0,929.0,653.0,655.0
52500.0,601.0,929.0,651.0,646.0
52600.0,599.0,928.0,651.0,638.0
52700.0,596.0,927.0,648.0,631.0
52800.0,593.0,927.0,648.0,623.0
52900.0,591.0,926.0,646.0,616.0
53000.0,588.0,924.0,644.0,609.0
53100.0,587.0,925.0,643.0,602.0
53200.0,584.0,923.0,642.0,595.0
53300.0,582.0,923.0,639.0,589.0
53400.0,580.0,923.0,639.0,583.0
53500.0,578.0,922.0,638.0,579.0
53600.0,577.0,920.0,637.0,573.0
53700.0,574.0,921.0,635.0,568.0
53800.0,572.0,920.0,633.0,562.0
53900.0,571.0,920.0,632.0,559.0
54000.0,570.0,919.0,631.0,555.0
54100.0,567.0,919.0,630.0,551.0
54200.0,566.0,917.0,629.0,548.0
54300.0,564.0,916.0,628.0,547.0
54400.0,563.0,916.0,627.0,546.0
54500.0,562.0,917.0,627.0,547.0
54600.0,561.0,916.0,627.0,547.0
54700.0,559.0,915.0,627.0,547.0
54800.0,559.0,914.0,626.0,548.0
54900.0,558.0,914.0,626.0,546.0
55000.0,557.0,914.0,625.0,548.0
55100.0,556.0,913.0,626.0,547.0
55200.0,555.0,913.0,626.0,544.0
55300.0,553.0,913.0,624.0,543.0
55400.0,552.0,911.0,623.0,541.0
55500.0,552.0,911.0,623.0,538.0
55600.0,552.0,911.0,623.0,535.0
55700.0,550.0,910.0,622.0,532.0
55800.0,551.0,910.0,622.0,529.0
55900.0,551.0,910.0,621.0,526.0
56000.0,550.0,908.0,621.0,522.0
56100.0,550.0,909.0,620.0,518.0
56200.0,549.0,908.0,619.0,514.0
56300.0,547.0,908.0,617.0,511.0
56400.0,546.0,906.0,617.0,506.0
56500.0,545.0,907.0,616.0,503.0
56600.0,544.0,905.0,615.0,498.0
56700.0,543.0,905.0,614.0,493.0
56800.0,541.0,905.0,612.0,490.0
56900.0,540.0,904.0,611.0,485.0
57000.0,539.0,904.0,611.0,482.0
57100.0,538.0,904.0,610.0,482.0
57200.0,538.0,903.0,609.0,481.0
57300.0,537.0,904.0,608.0,484.0
57400.0,536.0,904.0,608.0,488.0
57500.0,537.0,905.0,607.0,493.0
57600.0,537.0,905.0,607.0,497.0
57700.0,537.0,905.0,607.0,504.0
57800.0,538.0,906.0,607.0,509.0
57900.0,541.0,907.0,608.0,518.0
58000.0,545.0,908.0,609.0,527.0
58100.0,548.0,911.0,610.0,536.0
58200.0,552.0,913.0,611.0,548.0
58300.0,558.0,914.0,612.0,561.0
58400.0,562.0,917.0,614.0,577.0
58500.0,568.0,919.0,616.0,595.0
58600.0,574.0,920.0,617.0,613.0
58700.0,578.0,922.0,620.0,632.0
58800.0,583.0,925.0,622.0,649.0
58900.0,587.0,926.0,624.0,665.0
59000.0,591.0,928.0,626.0,680.0
59100.0,595.0,929.0,628.0,693.0
59200.0,599.0,930.0,629.0,708.0
59300.0,603.0,933.0,632.0,724.0
59400.0,606.0,933.0,634.0,740.0
59500.0,611.0,935.0,637.0,752.0
59600.0,614.0,937.0,640.0,765.0
59700.0,617.0,937.0,643.0,777.0
59800.0,620.0,937.0,646.0,787.0
59900.0,622.0,938.0,649.0,795.0
60000.0,625.0,938.0,651.0,801.0
60100.0,627.0,940.0,654.0,806.0
60200.0,629.0,940.0,656.0,811.0
60300.0,631.0,941.0,659.0,815.0
60400.0,632.0,942.0,661.0,817.0
60500.0,634.0,943.0,663.0,822.0
60600.0,636.0,944.0,666.0,826.0
60700.0,640.0,944.0,668.0,830.0
60800.0,642.0,945.0,670.0,835.0
60900.0,644.0,946.0,672.0,839.0
61000.0,645.0,947.0,674.0,843.0
61100.0,647.0,947.0,676.0,845.0
61200.0,649.0,947.0,677.0,846.0
61300.0,651.0,949.0,680.0,848.0
61400.0,654.0,950.0,681.0,851.0
61500.0,654.0,950.0,682.0,853.0
61600.0,656.0,950.0,683.0,856.0
61700.0,656.0,951.0,686.0,858.0
61800.0,658.0,951.0,686.0,858.0
61900.0,657.0,950.0,688.0,858.0
62000.0,656.0,950.0,689.0,858.0
62100.0,656.0,950.0,690.0,855.0
62200.0,656.0,950.0,690.0,850.0
62300.0,655.0,950.0,691.0,848.0
62400.0,655.0,950.0,692.0,845.0
62500.0,655.0,949.0,692.0,842.0
62600.0,655.0,949.0,692.0,838.0
62700.0,655.0,950.0,691.0,837.0
62800.0,655.0,950.0,692.0,835.0
62900.0,655.0,950.0,693.0,836.0
63000.0,656.0,949.0,694.0,836.0
63100.0,656.0,950.0,694.0,833.0
63200.0,657.0,949.0,694.0,832.0
63300.0,657.0,950.0,696.0,831.0
63400.0,658.0,950.0,696.0,830.0
63500.0,657.0,950.0,696.0,828.0
63600.0,658.0,950.0,696.0,826.0
63700.0,659.0,951.0,697.0,824.0
63800.0,659.0,951.0,698.0,823.0
63900.0,660.0,951.0,697.0,824.0
64000.0,661.0,952.0,698.0,825.0
64100.0,662.0,952.0,699.0,827.0
64200.0,662.0,953.0,699.0,830.0
64300.0,663.0,953.0,700.0,832.0
64400.0,665.0,954.0,701.0,835.0
64500.0,666.0,954.0,701.0,838.0
64600.0,666.0,955.0,702.0,838.0
64700.0,668.0,956.0,702.0,838.0
64800.0,669.0,955.0,702.0,836.0
64900.0,669.0,955.0,703.0,834.0
65000.0,671.0,955.0,704.0,833.0
65100.0,673.0,955.0,704.0,830.0
65200.0,673.0,956.0,705.0,829.0
65300.0,674.0,956.0,704.0,828.0
65400.0,676.0,956.0,706.0,828.0
65500.0,677.0,957.0,706.0,830.0
65600.0,678.0,958.0,707.0,833.0
65700.0,679.0,958.0,708.0,837.0
65800.0,680.0,959.0,709.0,841.0
65900.0,682.0,958.0,710.0,847.0
66000.0,681.0,959.0,710.0,851.0
66100.0,683.0,960.0,710.0,855.0
66200.0,682.0,960.0,712.0,858.0
66300.0,683.0,959.0,714.0,862.0
66400.0,683.0,959.0,713.0,864.0
66500.0,683.0,959.0,715.0,866.0
66600.0,683.0,959.0,715.0,867.0
66700.0,683.0,959.0,715.0,865.0
66800.0,682.0,958.0,715.0,864.0
66900.0,681.0,957.0,715.0,860.0
67000.0,680.0,958.0,715.0,856.0
67100.0,678.0,958.0,715.0,849.0
67200.0,677.0,956.0,714.0,842.0
67300.0,676.0,956.0,713.0,836.0
67400.0,673.0,955.0,712.0,829.0
67500.0,671.0,955.0,711.0,822.0
67600.0,669.0,955.0,709.0,817.0
67700.0,667.0,954.0,708.0,809.0
67800.0,665.0,953.0,706.0,802.0
67900.0,661.0,953.0,706.0,796.0
68000.0,660.0,953.0,703.0,791.0
68100.0,657.0,952.0,703.0,784.0
68200.0,655.0,951.0,701.0,778.0
68300.0,653.0,951.0,700.0,774.0
68400.0,650.0,951.0,698.0,767.0
68500.0,648.0,950.0,697.0,763.0
68600.0,645.0,949.0,695.0,757.0
68700.0,643.0,949.0,694.0,755.0
68800.0,641.0,948.0,693.0,750.0
68900.0,639.0,948.0,691.0,745.0
69000.0,637.0,947.0,690.0,740.0
69100.0,634.0,947.0,689.0,736.0
69200.0,631.0,946.0,689.0,731.0
69300.0,629.0,946.0,687.0,725.0
69400.0,627.0,944.0,687.0,720.0
69500.0,626.0,944.0,685.0,716.0
69600.0,623.0,944.0,684.0,711.0
69700.0,622.0,943.0,683.0,705.0
69800.0,620.0,943.0,682.0,702.0
69900.0,617.0,943.0,680.0,696.0
70000.0,617.0,943.0,678.0,694.0
70100.0,615.0,941.0,679.0,690.0
70200.0,612.0,942.0,676.0,692.0
70300.0,612.0,941.0,677.0,692.0
70400.0,610.0,941.0,676.0,693.0
70500.0,608.0,939.0,676.0,696.0
70600.0,607.0,940.0,676.0,696.0
70700.0,605.0,940.0,675.0,697.0
70800.0,604.0,940.0,675.0,697.0
70900.0,602.0,939.0,674.0,695.0
71000.0,600.0,939.0,674.0,691.0
71100.0,598.0,937.0,674.0,690.0
71200.0,596.0,938.0,673.0,684.0
71300.0,594.0,936.0,672.0,678.0
71400.0,592.0,936.0,672.0,672.0
71500.0,590.0,935.0,671.0,665.0
71600.0,588.0,935.0,670.0,660.0
71700.0,586.0,935.0,667.0,653.0
71800.0,584.0,934.0,666.0,645.0
71900.0,582.0,933.0,666.0,639.0
72000.0,580.0,933.0,664.0,634.0
72100.0,578.0,932.0,663.0,629.0
72200.0,577.0,932.0,661.0,624.0
72300.0,576.0,931.0,659.0,619.0
72400.0,575.0,931.0,658.0,615.0
72500.0,574.0,930.0,658.0,611.0
72600.0,572.0,930.0,656.0,607.0
72700.0,572.0,929.0,656.0,603.0
72800.0,571.0,929.0,655.0,600.0
72900.0,569.0,929.0,654.0,598.0
73000.0,569.0,928.0,653.0,594.0
73100.0,569.0,928.0,652.0,589.0
73200.0,568.0,928.0,651.0,587.0
73300.0,569.0,928.0,651.0,582.0
73400.0,568.0,926.0,650.0,580.0
73500.0,569.0,927.0,650.0,578.0
73600.0,569.0,927.0,649.0,576.0
73700.0,570.0,926.0,648.0,574.0
73800.0,570.0,927.0,648.0,575.0
73900.0,572.0,927.0,647.0,573.0
74000.0,575.0,927.0,647.0,573.0
74100.0,579.0,927.0,646.0,572.0
74200.0,582.0,928.0,646.0,574.0
74300.0,585.0,928.0,646.0,575.0
74400.0,588.0,928.0,645.0,576.0
74500.0,590.0,928.0,645.0,578.0
74600.0,592.0,928.0,646.0,577.0
74700.0,593.0,929.0,644.0,577.0
74800.0,594.0,928.0,645.0,578.0
74900.0,594.0,927.0,645.0,577.0
75000.0,594.0,927.0,644.0,575.0
75100.0,593.0,926.0,644.0,572.0
75200.0,593.0,926.0,644.0,570.0
75300.0,592.0,926.0,644.0,567.0
75400.0,591.0,925.0,643.0,565.0
75500.0,590.0,925.0,643.0,564.0
75600.0,589.0,923.0,642.0,565.0
75700.0,586.0,923.0,642.0,564.0
75800.0,584.0,923.0,643.0,567.0
75900.0,584.0,922.0,643.0,572.0
76000.0,583.0,923.0,643.0,576.0
76100.0,582.0,923.0,644.0,581.0
76200.0,582.0,923.0,644.0,585.0
76300.0,582.0,923.0,644.0,588.0
76400.0,581.0,922.0,645.0,589.0
76500.0,581.0,922.0,645.0,590.0
76600.0,581.0,922.0,644.0,591.0
76700.0,580.0,922.0,644.0,591.0
76800.0,579.0,922.0,644.0,590.0
76900.0,579.0,922.0,644.0,588.0
77000.0,579.0,921.0,644.0,586.0
77100.0,578.0,922.0,643.0,582.0
77200.0,577.0,922.0,643.0,579.0
77300.0,576.0,922.0,642.0,576.0
77400.0,576.0,923.0,642.0,572.0
77500.0,575.0,922.0,642.0,569.0
77600.0,574.0,922.0,640.0,566.0
77700.0,573.0,923.0,639.0,564.0
77800.0,574.0,924.0,638.0,562.0
77900.0,574.0,924.0,638.0,560.0
78000.0,574.0,924.0,636.0,561.0
78100.0,574.0,924.0,635.0,559.0
78200.0,575.0,925.0,635.0,559.0
78300.0,575.0,927.0,633.0,559.0
78400.0,577.0,926.0,634.0,559.0
78500.0,577.0,927.0,633.0,559.0
78600.0,578.0,927.0,632.0,558.0
78700.0,578.0,927.0,631.0,558.0
78800.0,579.0,927.0,630.0,557.0
78900.0,579.0,927.0,630.0,557.0
79000.0,579.0,927.0,630.0,556.0
79100.0,579.0,926.0,629.0,556.0
79200.0,579.0,926.0,630.0,557.0
79300.0,579.0,925.0,630.0,558.0
79400.0,580.0,926.0,629.0,559.0
79500.0,579.0,926.0,629.0,562.0
79600.0,580.0,926.0,628.0,565.0
79700.0,579.0,926.0,628.0,569.0
79800.0,580.0,925.0,628.0,574.0
79900.0,579.0,926.0,628.0,577.0
80000.0,579.0,925.0,629.0,583.0
80100.0,580.0,925.0,628.0,590.0
80200.0,580.0,926.0,629.0,596.0
80300.0,580.0,925.0,630.0,600.0
80400.0,581.0,926.0,630.0,607.0
80500.0,582.0,926.0,630.0,612.0
80600.0,582.0,927.0,631.0,618.0
80700.0,584.0,927.0,632.0,625.0
80800.0,585.0,927.0,633.0,629.0
80900.0,586.0,927.0,633.0,635.0
81000.0,585.0,926.0,633.0,638.0
81100.0,586.0,927.0,634.0,639.0
81200.0,586.0,927.0,634.0,641.0
81300.0,588.0,926.0,635.0,642.0
81400.0,587.0,926.0,635.0,642.0
81500.0,587.0,926.0,634.0,639.0
81600.0,586.0,925.0,634.0,636.0
81700.0,586.0,926.0,634.0,633.0
81800.0,585.0,925.0,634.0,631.0
81900.0,585.0,925.0,634.0,625.0
82000.0,584.0,925.0,633.0,621.0
82100.0,583.0,924.0,633.0,617.0
82200.0,581.0,923.0,632.0,612.0
82300.0,580.0,922.0,631.0,606.0
82400.0,578.0,922.0,630.0,600.0
82500.0,578.0,922.0,630.0,594.0
82600.0,576.0,921.0,629.0,587.0
82700.0,575.0,920.0,629.0,582.0
82800.0,574.0,919.0,627.0,574.0
82900.0,572.0,919.0,626.0,567.0
83000.0,570.0,919.0,625.0,559.0
83100.0,568.0,917.0,624.0,553.0
83200.0,566.0,916.0,622.0,542.0
83300.0,565.0,916.0,621.0,536.0
83400.0,563.0,915.0,620.0,528.0
83500.0,560.0,914.0,618.0,521.0
83600.0,558.0,913.0,617.0,514.0
83700.0,557.0,912.0,615.0,507.0
83800.0,553.0,910.0,613.0,501.0
83900.0,551.0,910.0,612.0,494.0
84000.0,550.0,909.0,610.0,487.0
84100.0,547.0,908.0,608.0,481.0
84200.0,546.0,907.0,607.0,476.0
84300.0,544.0,908.0,605.0,470.0
84400.0,542.0,907.0,605.0,465.0
84500.0,542.0,906.0,603.0,462.0
84600.0,541.0,906.0,602.0,459.0
84700.0,540.0,907.0,601.0,459.0
84800.0,541.0,907.0,600.0,460.0
84900.0,542.0,908.0,600.0,462.0
85000.0,544.0,908.0,600.0,469.0
85100.0,548.0,909.0,602.0,477.0
85200.0,554.0,910.0,603.0,488.0
85300.0,559.0,912.0,605.0,505.0
85400.0,565.0,913.0,608.0,524.0
85500.0,572.0,916.0,612.0,546.0
85600.0,578.0,918.0,616.0,572.0
85700.0,585.0,919.0,620.0,598.0
85800.0,591.0,921.0,624.0,624.0
85900.0,596.0,921.0,628.0,648.0
86000.0,601.0,923.0,633.0,669.0
86100.0,604.0,924.0,637.0,685.0
86200.0,609.0,924.0,641.0,697.0
86300.0,612.0,923.0,644.0,705.0
86400.0,614.0,925.0,647.0,709.0
86500.0,616.0,925.0,649.0,709.0
86600.0,616.0,924.0,650.0,710.0
86700.0,618.0,923.0,651.0,704.0
86800.0,618.0,923.0,651.0,700.0
86900.0,617.0,923.0,652.0,694.0
87000.0,616.0,922.0,652.0,686.0
87100.0,615.0,922.0,653.0,678.0
87200.0,615.0,920.0,652.0,669.0
87300.0,613.0,922.0,652.0,661.0
87400.0,612.0,920.0,651.0,656.0
87500.0,612.0,922.0,650.0,650.0
87600.0,612.0,922.0,650.0,645.0
87700.0,613.0,921.0,650.0,643.0
87800.0,614.0,922.0,651.0,639.0
87900.0,614.0,922.0,651.0,636.0
88000.0,614.0,922.0,651.0,634.0
88100.0,614.0,921.0,651.0,630.0
88200.0,614.0,922.0,651.0,625.0
88300.0,613.0,922.0,650.0,619.0
88400.0,613.0,920.0,649.0,614.0
88500.0,611.0,920.0,649.0,607.0
88600.0,610.0,920.0,649.0,601.0
88700.0,609.0,920.0,647.0,596.0
88800.0,607.0,920.0,646.0,590.0
88900.0,607.0,919.0,644.0,585.0
89000.0,604.0,919.0,644.0,579.0
89100.0,604.0,919.0,642.0,577.0
89200.0,602.0,918.0,641.0,570.0
89300.0,601.0,919.0,640.0,567.0
89400.0,600.0,917.0,639.0,564.0
89500.0,599.0,918.0,638.0,560.0
89600.0,597.0,917.0,637.0,558.0
89700.0,596.0,917.0,637.0,556.0
89800.0,595.0,916.0,635.0,552.0
89900.0,593.0,915.0,635.0,548.0
